<application>
  <component name="FileTypeManager" version="18">
    <extensionMap>
      <mapping pattern="ServiceApplication.java" type="AUTO_DETECTED" />
      <mapping pattern="te" type="AUTO_DETECTED" />
      <mapping pattern="ServiceApplication" type="JAVA" />
      <mapping ext="gradle.kts" type="Kotlin" />
      <mapping ext="main.kts" type="Kotlin" />
      <mapping pattern="5创建高性能的索引" type="PLAIN_TEXT" />
      <mapping pattern=".keep" type="PLAIN_TEXT" />
      <mapping ext="result" type="PLAIN_TEXT" />
      <mapping ext="default" type="PLAIN_TEXT" />
      <mapping ext="bk" type="PLAIN_TEXT" />
    </extensionMap>
  </component>
</application>