<application>
  <component name="ProjectJdkTable">
    <jdk version="2">
      <name value="IntelliJ IDEA IU-145.258.11" />
      <type value="IDEA JDK" />
      <version value="version 11.0.12" />
      <homePath value="$APPLICATION_HOME_DIR$" />
      <roots>
        <annotationsPath>
          <root type="composite">
            <root url="jar://$APPLICATION_HOME_DIR$/lib/jdkAnnotations.jar!/" type="simple" />
            <root url="jar://$APPLICATION_HOME_DIR$/plugins/java/lib/jdkAnnotations.jar!/" type="simple" />
          </root>
        </annotationsPath>
        <classPath>
          <root type="composite">
            <root url="jar://$APPLICATION_HOME_DIR$/lib/annotations.jar!/" type="simple" />
            <root url="jar://$APPLICATION_HOME_DIR$/lib/bootstrap.jar!/" type="simple" />
            <root url="jar://$APPLICATION_HOME_DIR$/lib/commons-httpclient-3.1-patched.jar!/" type="simple" />
            <root url="jar://$APPLICATION_HOME_DIR$/lib/commons-logging-1.2.jar!/" type="simple" />
            <root url="jar://$APPLICATION_HOME_DIR$/lib/extensions.jar!/" type="simple" />
            <root url="jar://$APPLICATION_HOME_DIR$/lib/external-system-rt.jar!/" type="simple" />
            <root url="jar://$APPLICATION_HOME_DIR$/lib/forms_rt.jar!/" type="simple" />
            <root url="jar://$APPLICATION_HOME_DIR$/lib/hamcrest-core-1.3.jar!/" type="simple" />
            <root url="jar://$APPLICATION_HOME_DIR$/lib/icons.jar!/" type="simple" />
            <root url="jar://$APPLICATION_HOME_DIR$/lib/idea.jar!/" type="simple" />
            <root url="jar://$APPLICATION_HOME_DIR$/lib/idea_rt.jar!/" type="simple" />
            <root url="jar://$APPLICATION_HOME_DIR$/lib/imgscalr-lib-4.2.jar!/" type="simple" />
            <root url="jar://$APPLICATION_HOME_DIR$/lib/javac2.jar!/" type="simple" />
            <root url="jar://$APPLICATION_HOME_DIR$/lib/jdkAnnotations.jar!/" type="simple" />
            <root url="jar://$APPLICATION_HOME_DIR$/lib/jdom.jar!/" type="simple" />
            <root url="jar://$APPLICATION_HOME_DIR$/lib/jna-platform.jar!/" type="simple" />
            <root url="jar://$APPLICATION_HOME_DIR$/lib/jna.jar!/" type="simple" />
            <root url="jar://$APPLICATION_HOME_DIR$/lib/jps-model.jar!/" type="simple" />
            <root url="jar://$APPLICATION_HOME_DIR$/lib/jsp-api.jar!/" type="simple" />
            <root url="jar://$APPLICATION_HOME_DIR$/lib/junit-4.12.jar!/" type="simple" />
            <root url="jar://$APPLICATION_HOME_DIR$/lib/log4j.jar!/" type="simple" />
            <root url="jar://$APPLICATION_HOME_DIR$/lib/markdownj-core-0.4.2-SNAPSHOT.jar!/" type="simple" />
            <root url="jar://$APPLICATION_HOME_DIR$/lib/microba.jar!/" type="simple" />
            <root url="jar://$APPLICATION_HOME_DIR$/lib/nanoxml-2.2.3.jar!/" type="simple" />
            <root url="jar://$APPLICATION_HOME_DIR$/lib/openapi.jar!/" type="simple" />
            <root url="jar://$APPLICATION_HOME_DIR$/lib/resources.jar!/" type="simple" />
            <root url="jar://$APPLICATION_HOME_DIR$/lib/resources_en.jar!/" type="simple" />
            <root url="jar://$APPLICATION_HOME_DIR$/lib/rngom-20051226-patched.jar!/" type="simple" />
            <root url="jar://$APPLICATION_HOME_DIR$/lib/servlet-api.jar!/" type="simple" />
            <root url="jar://$APPLICATION_HOME_DIR$/lib/trang-core.jar!/" type="simple" />
            <root url="jar://$APPLICATION_HOME_DIR$/lib/trove4j.jar!/" type="simple" />
            <root url="jar://$APPLICATION_HOME_DIR$/lib/util.jar!/" type="simple" />
            <root url="jar://$APPLICATION_HOME_DIR$/plugins/JavaEE/lib/IntelliLang-javaee.jar!/" type="simple" />
            <root url="jar://$APPLICATION_HOME_DIR$/plugins/JavaEE/lib/javaee-openapi.jar!/" type="simple" />
            <root url="jar://$APPLICATION_HOME_DIR$/plugins/JavaEE/lib/resources_en.jar!/" type="simple" />
            <root url="jar://$APPLICATION_HOME_DIR$/plugins/JavaEE/lib/webDeployment-transport.jar!/" type="simple" />
            <root url="jar://$APPLICATION_HOME_DIR$/plugins/PersistenceSupport/lib/persistence-openapi.jar!/" type="simple" />
            <root url="jar://$APPLICATION_HOME_DIR$/plugins/DatabaseTools/lib/database-openapi.jar!/" type="simple" />
            <root url="jar://$APPLICATION_HOME_DIR$/plugins/DatabaseTools/lib/resources_en.jar!/" type="simple" />
            <root url="jar://$APPLICATION_HOME_DIR$/plugins/CSS/lib/css-openapi.jar!/" type="simple" />
            <root url="jar://$APPLICATION_HOME_DIR$/plugins/CSS/lib/resources_en.jar!/" type="simple" />
            <root url="jar://$APPLICATION_HOME_DIR$/plugins/uml/lib/diagram-api.jar!/" type="simple" />
            <root url="jar://$APPLICATION_HOME_DIR$/plugins/Spring/lib/spring-aop.jar!/" type="simple" />
            <root url="jar://$APPLICATION_HOME_DIR$/plugins/Spring/lib/spring-eclipse.jar!/" type="simple" />
            <root url="jar://$APPLICATION_HOME_DIR$/plugins/Spring/lib/spring-web.jar!/" type="simple" />
            <root url="jrt:///usr/local/Cellar/openjdk@11/11.0.12/libexec/openjdk.jdk/Contents/Home!/java.base" type="simple" />
            <root url="jrt:///usr/local/Cellar/openjdk@11/11.0.12/libexec/openjdk.jdk/Contents/Home!/java.compiler" type="simple" />
            <root url="jrt:///usr/local/Cellar/openjdk@11/11.0.12/libexec/openjdk.jdk/Contents/Home!/java.datatransfer" type="simple" />
            <root url="jrt:///usr/local/Cellar/openjdk@11/11.0.12/libexec/openjdk.jdk/Contents/Home!/java.desktop" type="simple" />
            <root url="jrt:///usr/local/Cellar/openjdk@11/11.0.12/libexec/openjdk.jdk/Contents/Home!/java.instrument" type="simple" />
            <root url="jrt:///usr/local/Cellar/openjdk@11/11.0.12/libexec/openjdk.jdk/Contents/Home!/java.logging" type="simple" />
            <root url="jrt:///usr/local/Cellar/openjdk@11/11.0.12/libexec/openjdk.jdk/Contents/Home!/java.management" type="simple" />
            <root url="jrt:///usr/local/Cellar/openjdk@11/11.0.12/libexec/openjdk.jdk/Contents/Home!/java.management.rmi" type="simple" />
            <root url="jrt:///usr/local/Cellar/openjdk@11/11.0.12/libexec/openjdk.jdk/Contents/Home!/java.naming" type="simple" />
            <root url="jrt:///usr/local/Cellar/openjdk@11/11.0.12/libexec/openjdk.jdk/Contents/Home!/java.net.http" type="simple" />
            <root url="jrt:///usr/local/Cellar/openjdk@11/11.0.12/libexec/openjdk.jdk/Contents/Home!/java.prefs" type="simple" />
            <root url="jrt:///usr/local/Cellar/openjdk@11/11.0.12/libexec/openjdk.jdk/Contents/Home!/java.rmi" type="simple" />
            <root url="jrt:///usr/local/Cellar/openjdk@11/11.0.12/libexec/openjdk.jdk/Contents/Home!/java.scripting" type="simple" />
            <root url="jrt:///usr/local/Cellar/openjdk@11/11.0.12/libexec/openjdk.jdk/Contents/Home!/java.se" type="simple" />
            <root url="jrt:///usr/local/Cellar/openjdk@11/11.0.12/libexec/openjdk.jdk/Contents/Home!/java.security.jgss" type="simple" />
            <root url="jrt:///usr/local/Cellar/openjdk@11/11.0.12/libexec/openjdk.jdk/Contents/Home!/java.security.sasl" type="simple" />
            <root url="jrt:///usr/local/Cellar/openjdk@11/11.0.12/libexec/openjdk.jdk/Contents/Home!/java.smartcardio" type="simple" />
            <root url="jrt:///usr/local/Cellar/openjdk@11/11.0.12/libexec/openjdk.jdk/Contents/Home!/java.sql" type="simple" />
            <root url="jrt:///usr/local/Cellar/openjdk@11/11.0.12/libexec/openjdk.jdk/Contents/Home!/java.sql.rowset" type="simple" />
            <root url="jrt:///usr/local/Cellar/openjdk@11/11.0.12/libexec/openjdk.jdk/Contents/Home!/java.transaction.xa" type="simple" />
            <root url="jrt:///usr/local/Cellar/openjdk@11/11.0.12/libexec/openjdk.jdk/Contents/Home!/java.xml" type="simple" />
            <root url="jrt:///usr/local/Cellar/openjdk@11/11.0.12/libexec/openjdk.jdk/Contents/Home!/java.xml.crypto" type="simple" />
            <root url="jrt:///usr/local/Cellar/openjdk@11/11.0.12/libexec/openjdk.jdk/Contents/Home!/jdk.accessibility" type="simple" />
            <root url="jrt:///usr/local/Cellar/openjdk@11/11.0.12/libexec/openjdk.jdk/Contents/Home!/jdk.aot" type="simple" />
            <root url="jrt:///usr/local/Cellar/openjdk@11/11.0.12/libexec/openjdk.jdk/Contents/Home!/jdk.attach" type="simple" />
            <root url="jrt:///usr/local/Cellar/openjdk@11/11.0.12/libexec/openjdk.jdk/Contents/Home!/jdk.charsets" type="simple" />
            <root url="jrt:///usr/local/Cellar/openjdk@11/11.0.12/libexec/openjdk.jdk/Contents/Home!/jdk.compiler" type="simple" />
            <root url="jrt:///usr/local/Cellar/openjdk@11/11.0.12/libexec/openjdk.jdk/Contents/Home!/jdk.crypto.cryptoki" type="simple" />
            <root url="jrt:///usr/local/Cellar/openjdk@11/11.0.12/libexec/openjdk.jdk/Contents/Home!/jdk.crypto.ec" type="simple" />
            <root url="jrt:///usr/local/Cellar/openjdk@11/11.0.12/libexec/openjdk.jdk/Contents/Home!/jdk.dynalink" type="simple" />
            <root url="jrt:///usr/local/Cellar/openjdk@11/11.0.12/libexec/openjdk.jdk/Contents/Home!/jdk.editpad" type="simple" />
            <root url="jrt:///usr/local/Cellar/openjdk@11/11.0.12/libexec/openjdk.jdk/Contents/Home!/jdk.hotspot.agent" type="simple" />
            <root url="jrt:///usr/local/Cellar/openjdk@11/11.0.12/libexec/openjdk.jdk/Contents/Home!/jdk.httpserver" type="simple" />
            <root url="jrt:///usr/local/Cellar/openjdk@11/11.0.12/libexec/openjdk.jdk/Contents/Home!/jdk.internal.ed" type="simple" />
            <root url="jrt:///usr/local/Cellar/openjdk@11/11.0.12/libexec/openjdk.jdk/Contents/Home!/jdk.internal.jvmstat" type="simple" />
            <root url="jrt:///usr/local/Cellar/openjdk@11/11.0.12/libexec/openjdk.jdk/Contents/Home!/jdk.internal.le" type="simple" />
            <root url="jrt:///usr/local/Cellar/openjdk@11/11.0.12/libexec/openjdk.jdk/Contents/Home!/jdk.internal.opt" type="simple" />
            <root url="jrt:///usr/local/Cellar/openjdk@11/11.0.12/libexec/openjdk.jdk/Contents/Home!/jdk.internal.vm.ci" type="simple" />
            <root url="jrt:///usr/local/Cellar/openjdk@11/11.0.12/libexec/openjdk.jdk/Contents/Home!/jdk.internal.vm.compiler" type="simple" />
            <root url="jrt:///usr/local/Cellar/openjdk@11/11.0.12/libexec/openjdk.jdk/Contents/Home!/jdk.internal.vm.compiler.management" type="simple" />
            <root url="jrt:///usr/local/Cellar/openjdk@11/11.0.12/libexec/openjdk.jdk/Contents/Home!/jdk.jartool" type="simple" />
            <root url="jrt:///usr/local/Cellar/openjdk@11/11.0.12/libexec/openjdk.jdk/Contents/Home!/jdk.javadoc" type="simple" />
            <root url="jrt:///usr/local/Cellar/openjdk@11/11.0.12/libexec/openjdk.jdk/Contents/Home!/jdk.jcmd" type="simple" />
            <root url="jrt:///usr/local/Cellar/openjdk@11/11.0.12/libexec/openjdk.jdk/Contents/Home!/jdk.jconsole" type="simple" />
            <root url="jrt:///usr/local/Cellar/openjdk@11/11.0.12/libexec/openjdk.jdk/Contents/Home!/jdk.jdeps" type="simple" />
            <root url="jrt:///usr/local/Cellar/openjdk@11/11.0.12/libexec/openjdk.jdk/Contents/Home!/jdk.jdi" type="simple" />
            <root url="jrt:///usr/local/Cellar/openjdk@11/11.0.12/libexec/openjdk.jdk/Contents/Home!/jdk.jdwp.agent" type="simple" />
            <root url="jrt:///usr/local/Cellar/openjdk@11/11.0.12/libexec/openjdk.jdk/Contents/Home!/jdk.jfr" type="simple" />
            <root url="jrt:///usr/local/Cellar/openjdk@11/11.0.12/libexec/openjdk.jdk/Contents/Home!/jdk.jlink" type="simple" />
            <root url="jrt:///usr/local/Cellar/openjdk@11/11.0.12/libexec/openjdk.jdk/Contents/Home!/jdk.jshell" type="simple" />
            <root url="jrt:///usr/local/Cellar/openjdk@11/11.0.12/libexec/openjdk.jdk/Contents/Home!/jdk.jsobject" type="simple" />
            <root url="jrt:///usr/local/Cellar/openjdk@11/11.0.12/libexec/openjdk.jdk/Contents/Home!/jdk.jstatd" type="simple" />
            <root url="jrt:///usr/local/Cellar/openjdk@11/11.0.12/libexec/openjdk.jdk/Contents/Home!/jdk.localedata" type="simple" />
            <root url="jrt:///usr/local/Cellar/openjdk@11/11.0.12/libexec/openjdk.jdk/Contents/Home!/jdk.management" type="simple" />
            <root url="jrt:///usr/local/Cellar/openjdk@11/11.0.12/libexec/openjdk.jdk/Contents/Home!/jdk.management.agent" type="simple" />
            <root url="jrt:///usr/local/Cellar/openjdk@11/11.0.12/libexec/openjdk.jdk/Contents/Home!/jdk.management.jfr" type="simple" />
            <root url="jrt:///usr/local/Cellar/openjdk@11/11.0.12/libexec/openjdk.jdk/Contents/Home!/jdk.naming.dns" type="simple" />
            <root url="jrt:///usr/local/Cellar/openjdk@11/11.0.12/libexec/openjdk.jdk/Contents/Home!/jdk.naming.ldap" type="simple" />
            <root url="jrt:///usr/local/Cellar/openjdk@11/11.0.12/libexec/openjdk.jdk/Contents/Home!/jdk.naming.rmi" type="simple" />
            <root url="jrt:///usr/local/Cellar/openjdk@11/11.0.12/libexec/openjdk.jdk/Contents/Home!/jdk.net" type="simple" />
            <root url="jrt:///usr/local/Cellar/openjdk@11/11.0.12/libexec/openjdk.jdk/Contents/Home!/jdk.pack" type="simple" />
            <root url="jrt:///usr/local/Cellar/openjdk@11/11.0.12/libexec/openjdk.jdk/Contents/Home!/jdk.rmic" type="simple" />
            <root url="jrt:///usr/local/Cellar/openjdk@11/11.0.12/libexec/openjdk.jdk/Contents/Home!/jdk.scripting.nashorn" type="simple" />
            <root url="jrt:///usr/local/Cellar/openjdk@11/11.0.12/libexec/openjdk.jdk/Contents/Home!/jdk.scripting.nashorn.shell" type="simple" />
            <root url="jrt:///usr/local/Cellar/openjdk@11/11.0.12/libexec/openjdk.jdk/Contents/Home!/jdk.sctp" type="simple" />
            <root url="jrt:///usr/local/Cellar/openjdk@11/11.0.12/libexec/openjdk.jdk/Contents/Home!/jdk.security.auth" type="simple" />
            <root url="jrt:///usr/local/Cellar/openjdk@11/11.0.12/libexec/openjdk.jdk/Contents/Home!/jdk.security.jgss" type="simple" />
            <root url="jrt:///usr/local/Cellar/openjdk@11/11.0.12/libexec/openjdk.jdk/Contents/Home!/jdk.unsupported" type="simple" />
            <root url="jrt:///usr/local/Cellar/openjdk@11/11.0.12/libexec/openjdk.jdk/Contents/Home!/jdk.unsupported.desktop" type="simple" />
            <root url="jrt:///usr/local/Cellar/openjdk@11/11.0.12/libexec/openjdk.jdk/Contents/Home!/jdk.xml.dom" type="simple" />
            <root url="jrt:///usr/local/Cellar/openjdk@11/11.0.12/libexec/openjdk.jdk/Contents/Home!/jdk.zipfs" type="simple" />
          </root>
        </classPath>
        <javadocPath>
          <root type="composite" />
        </javadocPath>
        <sourcePath>
          <root type="composite">
            <root url="jar://$APPLICATION_HOME_DIR$/lib/src/src_css-api.zip!/" type="simple" />
            <root url="jar://$APPLICATION_HOME_DIR$/lib/src/src_database-openapi.zip!/" type="simple" />
            <root url="jar://$APPLICATION_HOME_DIR$/lib/src/src_jam-openapi.zip!/" type="simple" />
            <root url="jar://$APPLICATION_HOME_DIR$/lib/src/src_javaee-openapi.zip!/" type="simple" />
            <root url="jar://$APPLICATION_HOME_DIR$/lib/src/src_persistence-openapi.zip!/" type="simple" />
            <root url="jar://$APPLICATION_HOME_DIR$/lib/src/src_spring-openapi.zip!/" type="simple" />
            <root url="jar://$APPLICATION_HOME_DIR$/lib/src/src_tomcat.zip!/" type="simple" />
            <root url="jar:///usr/local/Cellar/openjdk@11/11.0.12/libexec/openjdk.jdk/Contents/Home/lib/src.zip!/java.se" type="simple" />
            <root url="jar:///usr/local/Cellar/openjdk@11/11.0.12/libexec/openjdk.jdk/Contents/Home/lib/src.zip!/jdk.aot" type="simple" />
            <root url="jar:///usr/local/Cellar/openjdk@11/11.0.12/libexec/openjdk.jdk/Contents/Home/lib/src.zip!/jdk.jdi" type="simple" />
            <root url="jar:///usr/local/Cellar/openjdk@11/11.0.12/libexec/openjdk.jdk/Contents/Home/lib/src.zip!/jdk.jfr" type="simple" />
            <root url="jar:///usr/local/Cellar/openjdk@11/11.0.12/libexec/openjdk.jdk/Contents/Home/lib/src.zip!/jdk.net" type="simple" />
            <root url="jar:///usr/local/Cellar/openjdk@11/11.0.12/libexec/openjdk.jdk/Contents/Home/lib/src.zip!/java.rmi" type="simple" />
            <root url="jar:///usr/local/Cellar/openjdk@11/11.0.12/libexec/openjdk.jdk/Contents/Home/lib/src.zip!/java.sql" type="simple" />
            <root url="jar:///usr/local/Cellar/openjdk@11/11.0.12/libexec/openjdk.jdk/Contents/Home/lib/src.zip!/java.xml" type="simple" />
            <root url="jar:///usr/local/Cellar/openjdk@11/11.0.12/libexec/openjdk.jdk/Contents/Home/lib/src.zip!/jdk.jcmd" type="simple" />
            <root url="jar:///usr/local/Cellar/openjdk@11/11.0.12/libexec/openjdk.jdk/Contents/Home/lib/src.zip!/jdk.pack" type="simple" />
            <root url="jar:///usr/local/Cellar/openjdk@11/11.0.12/libexec/openjdk.jdk/Contents/Home/lib/src.zip!/jdk.rmic" type="simple" />
            <root url="jar:///usr/local/Cellar/openjdk@11/11.0.12/libexec/openjdk.jdk/Contents/Home/lib/src.zip!/jdk.sctp" type="simple" />
            <root url="jar:///usr/local/Cellar/openjdk@11/11.0.12/libexec/openjdk.jdk/Contents/Home/lib/src.zip!/java.base" type="simple" />
            <root url="jar:///usr/local/Cellar/openjdk@11/11.0.12/libexec/openjdk.jdk/Contents/Home/lib/src.zip!/jdk.jdeps" type="simple" />
            <root url="jar:///usr/local/Cellar/openjdk@11/11.0.12/libexec/openjdk.jdk/Contents/Home/lib/src.zip!/jdk.jlink" type="simple" />
            <root url="jar:///usr/local/Cellar/openjdk@11/11.0.12/libexec/openjdk.jdk/Contents/Home/lib/src.zip!/jdk.zipfs" type="simple" />
            <root url="jar:///usr/local/Cellar/openjdk@11/11.0.12/libexec/openjdk.jdk/Contents/Home/lib/src.zip!/java.prefs" type="simple" />
            <root url="jar:///usr/local/Cellar/openjdk@11/11.0.12/libexec/openjdk.jdk/Contents/Home/lib/src.zip!/jdk.attach" type="simple" />
            <root url="jar:///usr/local/Cellar/openjdk@11/11.0.12/libexec/openjdk.jdk/Contents/Home/lib/src.zip!/jdk.jshell" type="simple" />
            <root url="jar:///usr/local/Cellar/openjdk@11/11.0.12/libexec/openjdk.jdk/Contents/Home/lib/src.zip!/jdk.jstatd" type="simple" />
            <root url="jar:///usr/local/Cellar/openjdk@11/11.0.12/libexec/openjdk.jdk/Contents/Home/lib/src.zip!/java.naming" type="simple" />
            <root url="jar:///usr/local/Cellar/openjdk@11/11.0.12/libexec/openjdk.jdk/Contents/Home/lib/src.zip!/jdk.editpad" type="simple" />
            <root url="jar:///usr/local/Cellar/openjdk@11/11.0.12/libexec/openjdk.jdk/Contents/Home/lib/src.zip!/jdk.jartool" type="simple" />
            <root url="jar:///usr/local/Cellar/openjdk@11/11.0.12/libexec/openjdk.jdk/Contents/Home/lib/src.zip!/jdk.javadoc" type="simple" />
            <root url="jar:///usr/local/Cellar/openjdk@11/11.0.12/libexec/openjdk.jdk/Contents/Home/lib/src.zip!/jdk.xml.dom" type="simple" />
            <root url="jar:///usr/local/Cellar/openjdk@11/11.0.12/libexec/openjdk.jdk/Contents/Home/lib/src.zip!/java.desktop" type="simple" />
            <root url="jar:///usr/local/Cellar/openjdk@11/11.0.12/libexec/openjdk.jdk/Contents/Home/lib/src.zip!/java.logging" type="simple" />
            <root url="jar:///usr/local/Cellar/openjdk@11/11.0.12/libexec/openjdk.jdk/Contents/Home/lib/src.zip!/jdk.charsets" type="simple" />
            <root url="jar:///usr/local/Cellar/openjdk@11/11.0.12/libexec/openjdk.jdk/Contents/Home/lib/src.zip!/jdk.compiler" type="simple" />
            <root url="jar:///usr/local/Cellar/openjdk@11/11.0.12/libexec/openjdk.jdk/Contents/Home/lib/src.zip!/jdk.dynalink" type="simple" />
            <root url="jar:///usr/local/Cellar/openjdk@11/11.0.12/libexec/openjdk.jdk/Contents/Home/lib/src.zip!/jdk.jconsole" type="simple" />
            <root url="jar:///usr/local/Cellar/openjdk@11/11.0.12/libexec/openjdk.jdk/Contents/Home/lib/src.zip!/jdk.jsobject" type="simple" />
            <root url="jar:///usr/local/Cellar/openjdk@11/11.0.12/libexec/openjdk.jdk/Contents/Home/lib/src.zip!/java.compiler" type="simple" />
            <root url="jar:///usr/local/Cellar/openjdk@11/11.0.12/libexec/openjdk.jdk/Contents/Home/lib/src.zip!/java.net.http" type="simple" />
            <root url="jar:///usr/local/Cellar/openjdk@11/11.0.12/libexec/openjdk.jdk/Contents/Home/lib/src.zip!/jdk.crypto.ec" type="simple" />
            <root url="jar:///usr/local/Cellar/openjdk@11/11.0.12/libexec/openjdk.jdk/Contents/Home/lib/src.zip!/java.scripting" type="simple" />
            <root url="jar:///usr/local/Cellar/openjdk@11/11.0.12/libexec/openjdk.jdk/Contents/Home/lib/src.zip!/jdk.httpserver" type="simple" />
            <root url="jar:///usr/local/Cellar/openjdk@11/11.0.12/libexec/openjdk.jdk/Contents/Home/lib/src.zip!/jdk.jdwp.agent" type="simple" />
            <root url="jar:///usr/local/Cellar/openjdk@11/11.0.12/libexec/openjdk.jdk/Contents/Home/lib/src.zip!/jdk.localedata" type="simple" />
            <root url="jar:///usr/local/Cellar/openjdk@11/11.0.12/libexec/openjdk.jdk/Contents/Home/lib/src.zip!/jdk.management" type="simple" />
            <root url="jar:///usr/local/Cellar/openjdk@11/11.0.12/libexec/openjdk.jdk/Contents/Home/lib/src.zip!/jdk.naming.dns" type="simple" />
            <root url="jar:///usr/local/Cellar/openjdk@11/11.0.12/libexec/openjdk.jdk/Contents/Home/lib/src.zip!/jdk.naming.rmi" type="simple" />
            <root url="jar:///usr/local/Cellar/openjdk@11/11.0.12/libexec/openjdk.jdk/Contents/Home/lib/src.zip!/java.instrument" type="simple" />
            <root url="jar:///usr/local/Cellar/openjdk@11/11.0.12/libexec/openjdk.jdk/Contents/Home/lib/src.zip!/java.management" type="simple" />
            <root url="jar:///usr/local/Cellar/openjdk@11/11.0.12/libexec/openjdk.jdk/Contents/Home/lib/src.zip!/java.sql.rowset" type="simple" />
            <root url="jar:///usr/local/Cellar/openjdk@11/11.0.12/libexec/openjdk.jdk/Contents/Home/lib/src.zip!/java.xml.crypto" type="simple" />
            <root url="jar:///usr/local/Cellar/openjdk@11/11.0.12/libexec/openjdk.jdk/Contents/Home/lib/src.zip!/jdk.internal.ed" type="simple" />
            <root url="jar:///usr/local/Cellar/openjdk@11/11.0.12/libexec/openjdk.jdk/Contents/Home/lib/src.zip!/jdk.internal.le" type="simple" />
            <root url="jar:///usr/local/Cellar/openjdk@11/11.0.12/libexec/openjdk.jdk/Contents/Home/lib/src.zip!/jdk.naming.ldap" type="simple" />
            <root url="jar:///usr/local/Cellar/openjdk@11/11.0.12/libexec/openjdk.jdk/Contents/Home/lib/src.zip!/jdk.unsupported" type="simple" />
            <root url="jar:///usr/local/Cellar/openjdk@11/11.0.12/libexec/openjdk.jdk/Contents/Home/lib/src.zip!/java.smartcardio" type="simple" />
            <root url="jar:///usr/local/Cellar/openjdk@11/11.0.12/libexec/openjdk.jdk/Contents/Home/lib/src.zip!/jdk.internal.opt" type="simple" />
            <root url="jar:///usr/local/Cellar/openjdk@11/11.0.12/libexec/openjdk.jdk/Contents/Home/lib/src.zip!/java.datatransfer" type="simple" />
            <root url="jar:///usr/local/Cellar/openjdk@11/11.0.12/libexec/openjdk.jdk/Contents/Home/lib/src.zip!/jdk.accessibility" type="simple" />
            <root url="jar:///usr/local/Cellar/openjdk@11/11.0.12/libexec/openjdk.jdk/Contents/Home/lib/src.zip!/jdk.hotspot.agent" type="simple" />
            <root url="jar:///usr/local/Cellar/openjdk@11/11.0.12/libexec/openjdk.jdk/Contents/Home/lib/src.zip!/jdk.security.auth" type="simple" />
            <root url="jar:///usr/local/Cellar/openjdk@11/11.0.12/libexec/openjdk.jdk/Contents/Home/lib/src.zip!/jdk.security.jgss" type="simple" />
            <root url="jar:///usr/local/Cellar/openjdk@11/11.0.12/libexec/openjdk.jdk/Contents/Home/lib/src.zip!/java.security.jgss" type="simple" />
            <root url="jar:///usr/local/Cellar/openjdk@11/11.0.12/libexec/openjdk.jdk/Contents/Home/lib/src.zip!/java.security.sasl" type="simple" />
            <root url="jar:///usr/local/Cellar/openjdk@11/11.0.12/libexec/openjdk.jdk/Contents/Home/lib/src.zip!/jdk.internal.vm.ci" type="simple" />
            <root url="jar:///usr/local/Cellar/openjdk@11/11.0.12/libexec/openjdk.jdk/Contents/Home/lib/src.zip!/jdk.management.jfr" type="simple" />
            <root url="jar:///usr/local/Cellar/openjdk@11/11.0.12/libexec/openjdk.jdk/Contents/Home/lib/src.zip!/java.management.rmi" type="simple" />
            <root url="jar:///usr/local/Cellar/openjdk@11/11.0.12/libexec/openjdk.jdk/Contents/Home/lib/src.zip!/java.transaction.xa" type="simple" />
            <root url="jar:///usr/local/Cellar/openjdk@11/11.0.12/libexec/openjdk.jdk/Contents/Home/lib/src.zip!/jdk.crypto.cryptoki" type="simple" />
            <root url="jar:///usr/local/Cellar/openjdk@11/11.0.12/libexec/openjdk.jdk/Contents/Home/lib/src.zip!/jdk.internal.jvmstat" type="simple" />
            <root url="jar:///usr/local/Cellar/openjdk@11/11.0.12/libexec/openjdk.jdk/Contents/Home/lib/src.zip!/jdk.management.agent" type="simple" />
            <root url="jar:///usr/local/Cellar/openjdk@11/11.0.12/libexec/openjdk.jdk/Contents/Home/lib/src.zip!/jdk.scripting.nashorn" type="simple" />
            <root url="jar:///usr/local/Cellar/openjdk@11/11.0.12/libexec/openjdk.jdk/Contents/Home/lib/src.zip!/jdk.unsupported.desktop" type="simple" />
            <root url="jar:///usr/local/Cellar/openjdk@11/11.0.12/libexec/openjdk.jdk/Contents/Home/lib/src.zip!/jdk.internal.vm.compiler" type="simple" />
            <root url="jar:///usr/local/Cellar/openjdk@11/11.0.12/libexec/openjdk.jdk/Contents/Home/lib/src.zip!/jdk.scripting.nashorn.shell" type="simple" />
            <root url="jar:///usr/local/Cellar/openjdk@11/11.0.12/libexec/openjdk.jdk/Contents/Home/lib/src.zip!/jdk.internal.vm.compiler.management" type="simple" />
          </root>
        </sourcePath>
      </roots>
      <additional sdk="11">
        <option name="mySandboxHome" value="$USER_HOME$/Library/Caches/IntelliJIdea2016.1/plugins-sandbox" />
      </additional>
    </jdk>
    <jdk version="2">
      <name value="1.8.0_211" />
      <type value="JavaSDK" />
      <version value="java version &quot;1.8.0_211&quot;" />
      <homePath value="/Library/Java/JavaVirtualMachines/jdk1.8.0_211.jdk/Contents/Home" />
      <roots>
        <annotationsPath>
          <root type="composite">
            <root url="jar://$APPLICATION_HOME_DIR$/lib/jdkAnnotations.jar!/" type="simple" />
          </root>
        </annotationsPath>
        <classPath>
          <root type="composite">
            <root url="jar:///Library/Java/JavaVirtualMachines/jdk1.8.0_211.jdk/Contents/Home/jre/lib/charsets.jar!/" type="simple" />
            <root url="jar:///Library/Java/JavaVirtualMachines/jdk1.8.0_211.jdk/Contents/Home/jre/lib/deploy.jar!/" type="simple" />
            <root url="jar:///Library/Java/JavaVirtualMachines/jdk1.8.0_211.jdk/Contents/Home/jre/lib/ext/cldrdata.jar!/" type="simple" />
            <root url="jar:///Library/Java/JavaVirtualMachines/jdk1.8.0_211.jdk/Contents/Home/jre/lib/ext/dnsns.jar!/" type="simple" />
            <root url="jar:///Library/Java/JavaVirtualMachines/jdk1.8.0_211.jdk/Contents/Home/jre/lib/ext/jaccess.jar!/" type="simple" />
            <root url="jar:///Library/Java/JavaVirtualMachines/jdk1.8.0_211.jdk/Contents/Home/jre/lib/ext/jfxrt.jar!/" type="simple" />
            <root url="jar:///Library/Java/JavaVirtualMachines/jdk1.8.0_211.jdk/Contents/Home/jre/lib/ext/localedata.jar!/" type="simple" />
            <root url="jar:///Library/Java/JavaVirtualMachines/jdk1.8.0_211.jdk/Contents/Home/jre/lib/ext/nashorn.jar!/" type="simple" />
            <root url="jar:///Library/Java/JavaVirtualMachines/jdk1.8.0_211.jdk/Contents/Home/jre/lib/ext/sunec.jar!/" type="simple" />
            <root url="jar:///Library/Java/JavaVirtualMachines/jdk1.8.0_211.jdk/Contents/Home/jre/lib/ext/sunjce_provider.jar!/" type="simple" />
            <root url="jar:///Library/Java/JavaVirtualMachines/jdk1.8.0_211.jdk/Contents/Home/jre/lib/ext/sunpkcs11.jar!/" type="simple" />
            <root url="jar:///Library/Java/JavaVirtualMachines/jdk1.8.0_211.jdk/Contents/Home/jre/lib/ext/zipfs.jar!/" type="simple" />
            <root url="jar:///Library/Java/JavaVirtualMachines/jdk1.8.0_211.jdk/Contents/Home/jre/lib/javaws.jar!/" type="simple" />
            <root url="jar:///Library/Java/JavaVirtualMachines/jdk1.8.0_211.jdk/Contents/Home/jre/lib/jce.jar!/" type="simple" />
            <root url="jar:///Library/Java/JavaVirtualMachines/jdk1.8.0_211.jdk/Contents/Home/jre/lib/jfr.jar!/" type="simple" />
            <root url="jar:///Library/Java/JavaVirtualMachines/jdk1.8.0_211.jdk/Contents/Home/jre/lib/jfxswt.jar!/" type="simple" />
            <root url="jar:///Library/Java/JavaVirtualMachines/jdk1.8.0_211.jdk/Contents/Home/jre/lib/jsse.jar!/" type="simple" />
            <root url="jar:///Library/Java/JavaVirtualMachines/jdk1.8.0_211.jdk/Contents/Home/jre/lib/management-agent.jar!/" type="simple" />
            <root url="jar:///Library/Java/JavaVirtualMachines/jdk1.8.0_211.jdk/Contents/Home/jre/lib/plugin.jar!/" type="simple" />
            <root url="jar:///Library/Java/JavaVirtualMachines/jdk1.8.0_211.jdk/Contents/Home/jre/lib/resources.jar!/" type="simple" />
            <root url="jar:///Library/Java/JavaVirtualMachines/jdk1.8.0_211.jdk/Contents/Home/jre/lib/rt.jar!/" type="simple" />
            <root url="jar:///Library/Java/JavaVirtualMachines/jdk1.8.0_211.jdk/Contents/Home/lib/ant-javafx.jar!/" type="simple" />
            <root url="jar:///Library/Java/JavaVirtualMachines/jdk1.8.0_211.jdk/Contents/Home/lib/dt.jar!/" type="simple" />
            <root url="jar:///Library/Java/JavaVirtualMachines/jdk1.8.0_211.jdk/Contents/Home/lib/javafx-mx.jar!/" type="simple" />
            <root url="jar:///Library/Java/JavaVirtualMachines/jdk1.8.0_211.jdk/Contents/Home/lib/jconsole.jar!/" type="simple" />
            <root url="jar:///Library/Java/JavaVirtualMachines/jdk1.8.0_211.jdk/Contents/Home/lib/packager.jar!/" type="simple" />
            <root url="jar:///Library/Java/JavaVirtualMachines/jdk1.8.0_211.jdk/Contents/Home/lib/sa-jdi.jar!/" type="simple" />
            <root url="jar:///Library/Java/JavaVirtualMachines/jdk1.8.0_211.jdk/Contents/Home/lib/tools.jar!/" type="simple" />
          </root>
        </classPath>
        <javadocPath>
          <root type="composite" />
        </javadocPath>
        <sourcePath>
          <root type="composite">
            <root url="jar:///Library/Java/JavaVirtualMachines/jdk1.8.0_211.jdk/Contents/Home/src.zip!/" type="simple" />
            <root url="jar:///Library/Java/JavaVirtualMachines/jdk1.8.0_211.jdk/Contents/Home/javafx-src.zip!/" type="simple" />
          </root>
        </sourcePath>
      </roots>
      <additional />
    </jdk>
    <jdk version="2">
      <name value="1.8" />
      <type value="JavaSDK" />
      <version value="java version &quot;1.8.0_211&quot;" />
      <homePath value="/Library/Java/JavaVirtualMachines/jdk1.8.0_211.jdk/Contents/Home" />
      <roots>
        <annotationsPath>
          <root type="composite">
            <root url="jar://$APPLICATION_HOME_DIR$/plugins/java/lib/jdkAnnotations.jar!/" type="simple" />
          </root>
        </annotationsPath>
        <classPath>
          <root type="composite">
            <root url="jar:///Library/Java/JavaVirtualMachines/jdk1.8.0_211.jdk/Contents/Home/jre/lib/charsets.jar!/" type="simple" />
            <root url="jar:///Library/Java/JavaVirtualMachines/jdk1.8.0_211.jdk/Contents/Home/jre/lib/deploy.jar!/" type="simple" />
            <root url="jar:///Library/Java/JavaVirtualMachines/jdk1.8.0_211.jdk/Contents/Home/jre/lib/ext/cldrdata.jar!/" type="simple" />
            <root url="jar:///Library/Java/JavaVirtualMachines/jdk1.8.0_211.jdk/Contents/Home/jre/lib/ext/dnsns.jar!/" type="simple" />
            <root url="jar:///Library/Java/JavaVirtualMachines/jdk1.8.0_211.jdk/Contents/Home/jre/lib/ext/jaccess.jar!/" type="simple" />
            <root url="jar:///Library/Java/JavaVirtualMachines/jdk1.8.0_211.jdk/Contents/Home/jre/lib/ext/jfxrt.jar!/" type="simple" />
            <root url="jar:///Library/Java/JavaVirtualMachines/jdk1.8.0_211.jdk/Contents/Home/jre/lib/ext/localedata.jar!/" type="simple" />
            <root url="jar:///Library/Java/JavaVirtualMachines/jdk1.8.0_211.jdk/Contents/Home/jre/lib/ext/nashorn.jar!/" type="simple" />
            <root url="jar:///Library/Java/JavaVirtualMachines/jdk1.8.0_211.jdk/Contents/Home/jre/lib/ext/sunec.jar!/" type="simple" />
            <root url="jar:///Library/Java/JavaVirtualMachines/jdk1.8.0_211.jdk/Contents/Home/jre/lib/ext/sunjce_provider.jar!/" type="simple" />
            <root url="jar:///Library/Java/JavaVirtualMachines/jdk1.8.0_211.jdk/Contents/Home/jre/lib/ext/sunpkcs11.jar!/" type="simple" />
            <root url="jar:///Library/Java/JavaVirtualMachines/jdk1.8.0_211.jdk/Contents/Home/jre/lib/ext/zipfs.jar!/" type="simple" />
            <root url="jar:///Library/Java/JavaVirtualMachines/jdk1.8.0_211.jdk/Contents/Home/jre/lib/javaws.jar!/" type="simple" />
            <root url="jar:///Library/Java/JavaVirtualMachines/jdk1.8.0_211.jdk/Contents/Home/jre/lib/jce.jar!/" type="simple" />
            <root url="jar:///Library/Java/JavaVirtualMachines/jdk1.8.0_211.jdk/Contents/Home/jre/lib/jfr.jar!/" type="simple" />
            <root url="jar:///Library/Java/JavaVirtualMachines/jdk1.8.0_211.jdk/Contents/Home/jre/lib/jfxswt.jar!/" type="simple" />
            <root url="jar:///Library/Java/JavaVirtualMachines/jdk1.8.0_211.jdk/Contents/Home/jre/lib/jsse.jar!/" type="simple" />
            <root url="jar:///Library/Java/JavaVirtualMachines/jdk1.8.0_211.jdk/Contents/Home/jre/lib/management-agent.jar!/" type="simple" />
            <root url="jar:///Library/Java/JavaVirtualMachines/jdk1.8.0_211.jdk/Contents/Home/jre/lib/plugin.jar!/" type="simple" />
            <root url="jar:///Library/Java/JavaVirtualMachines/jdk1.8.0_211.jdk/Contents/Home/jre/lib/resources.jar!/" type="simple" />
            <root url="jar:///Library/Java/JavaVirtualMachines/jdk1.8.0_211.jdk/Contents/Home/jre/lib/rt.jar!/" type="simple" />
            <root url="jar:///Library/Java/JavaVirtualMachines/jdk1.8.0_211.jdk/Contents/Home/lib/ant-javafx.jar!/" type="simple" />
            <root url="jar:///Library/Java/JavaVirtualMachines/jdk1.8.0_211.jdk/Contents/Home/lib/dt.jar!/" type="simple" />
            <root url="jar:///Library/Java/JavaVirtualMachines/jdk1.8.0_211.jdk/Contents/Home/lib/javafx-mx.jar!/" type="simple" />
            <root url="jar:///Library/Java/JavaVirtualMachines/jdk1.8.0_211.jdk/Contents/Home/lib/jconsole.jar!/" type="simple" />
            <root url="jar:///Library/Java/JavaVirtualMachines/jdk1.8.0_211.jdk/Contents/Home/lib/packager.jar!/" type="simple" />
            <root url="jar:///Library/Java/JavaVirtualMachines/jdk1.8.0_211.jdk/Contents/Home/lib/sa-jdi.jar!/" type="simple" />
            <root url="jar:///Library/Java/JavaVirtualMachines/jdk1.8.0_211.jdk/Contents/Home/lib/tools.jar!/" type="simple" />
          </root>
        </classPath>
        <javadocPath>
          <root type="composite" />
        </javadocPath>
        <sourcePath>
          <root type="composite">
            <root url="jar:///Library/Java/JavaVirtualMachines/jdk1.8.0_211.jdk/Contents/Home/src.zip!/" type="simple" />
            <root url="jar:///Library/Java/JavaVirtualMachines/jdk1.8.0_211.jdk/Contents/Home/javafx-src.zip!/" type="simple" />
          </root>
        </sourcePath>
      </roots>
      <additional />
    </jdk>
    <jdk version="2">
      <name value="11" />
      <type value="JavaSDK" />
      <version value="version 11.0.12" />
      <homePath value="/usr/local/Cellar/openjdk@11/11.0.12/libexec/openjdk.jdk/Contents/Home" />
      <roots>
        <annotationsPath>
          <root type="composite">
            <root url="jar://$APPLICATION_HOME_DIR$/plugins/java/lib/jdkAnnotations.jar!/" type="simple" />
          </root>
        </annotationsPath>
        <classPath>
          <root type="composite">
            <root url="jrt:///usr/local/Cellar/openjdk@11/11.0.12/libexec/openjdk.jdk/Contents/Home!/java.base" type="simple" />
            <root url="jrt:///usr/local/Cellar/openjdk@11/11.0.12/libexec/openjdk.jdk/Contents/Home!/java.compiler" type="simple" />
            <root url="jrt:///usr/local/Cellar/openjdk@11/11.0.12/libexec/openjdk.jdk/Contents/Home!/java.datatransfer" type="simple" />
            <root url="jrt:///usr/local/Cellar/openjdk@11/11.0.12/libexec/openjdk.jdk/Contents/Home!/java.desktop" type="simple" />
            <root url="jrt:///usr/local/Cellar/openjdk@11/11.0.12/libexec/openjdk.jdk/Contents/Home!/java.instrument" type="simple" />
            <root url="jrt:///usr/local/Cellar/openjdk@11/11.0.12/libexec/openjdk.jdk/Contents/Home!/java.logging" type="simple" />
            <root url="jrt:///usr/local/Cellar/openjdk@11/11.0.12/libexec/openjdk.jdk/Contents/Home!/java.management" type="simple" />
            <root url="jrt:///usr/local/Cellar/openjdk@11/11.0.12/libexec/openjdk.jdk/Contents/Home!/java.management.rmi" type="simple" />
            <root url="jrt:///usr/local/Cellar/openjdk@11/11.0.12/libexec/openjdk.jdk/Contents/Home!/java.naming" type="simple" />
            <root url="jrt:///usr/local/Cellar/openjdk@11/11.0.12/libexec/openjdk.jdk/Contents/Home!/java.net.http" type="simple" />
            <root url="jrt:///usr/local/Cellar/openjdk@11/11.0.12/libexec/openjdk.jdk/Contents/Home!/java.prefs" type="simple" />
            <root url="jrt:///usr/local/Cellar/openjdk@11/11.0.12/libexec/openjdk.jdk/Contents/Home!/java.rmi" type="simple" />
            <root url="jrt:///usr/local/Cellar/openjdk@11/11.0.12/libexec/openjdk.jdk/Contents/Home!/java.scripting" type="simple" />
            <root url="jrt:///usr/local/Cellar/openjdk@11/11.0.12/libexec/openjdk.jdk/Contents/Home!/java.se" type="simple" />
            <root url="jrt:///usr/local/Cellar/openjdk@11/11.0.12/libexec/openjdk.jdk/Contents/Home!/java.security.jgss" type="simple" />
            <root url="jrt:///usr/local/Cellar/openjdk@11/11.0.12/libexec/openjdk.jdk/Contents/Home!/java.security.sasl" type="simple" />
            <root url="jrt:///usr/local/Cellar/openjdk@11/11.0.12/libexec/openjdk.jdk/Contents/Home!/java.smartcardio" type="simple" />
            <root url="jrt:///usr/local/Cellar/openjdk@11/11.0.12/libexec/openjdk.jdk/Contents/Home!/java.sql" type="simple" />
            <root url="jrt:///usr/local/Cellar/openjdk@11/11.0.12/libexec/openjdk.jdk/Contents/Home!/java.sql.rowset" type="simple" />
            <root url="jrt:///usr/local/Cellar/openjdk@11/11.0.12/libexec/openjdk.jdk/Contents/Home!/java.transaction.xa" type="simple" />
            <root url="jrt:///usr/local/Cellar/openjdk@11/11.0.12/libexec/openjdk.jdk/Contents/Home!/java.xml" type="simple" />
            <root url="jrt:///usr/local/Cellar/openjdk@11/11.0.12/libexec/openjdk.jdk/Contents/Home!/java.xml.crypto" type="simple" />
            <root url="jrt:///usr/local/Cellar/openjdk@11/11.0.12/libexec/openjdk.jdk/Contents/Home!/jdk.accessibility" type="simple" />
            <root url="jrt:///usr/local/Cellar/openjdk@11/11.0.12/libexec/openjdk.jdk/Contents/Home!/jdk.aot" type="simple" />
            <root url="jrt:///usr/local/Cellar/openjdk@11/11.0.12/libexec/openjdk.jdk/Contents/Home!/jdk.attach" type="simple" />
            <root url="jrt:///usr/local/Cellar/openjdk@11/11.0.12/libexec/openjdk.jdk/Contents/Home!/jdk.charsets" type="simple" />
            <root url="jrt:///usr/local/Cellar/openjdk@11/11.0.12/libexec/openjdk.jdk/Contents/Home!/jdk.compiler" type="simple" />
            <root url="jrt:///usr/local/Cellar/openjdk@11/11.0.12/libexec/openjdk.jdk/Contents/Home!/jdk.crypto.cryptoki" type="simple" />
            <root url="jrt:///usr/local/Cellar/openjdk@11/11.0.12/libexec/openjdk.jdk/Contents/Home!/jdk.crypto.ec" type="simple" />
            <root url="jrt:///usr/local/Cellar/openjdk@11/11.0.12/libexec/openjdk.jdk/Contents/Home!/jdk.dynalink" type="simple" />
            <root url="jrt:///usr/local/Cellar/openjdk@11/11.0.12/libexec/openjdk.jdk/Contents/Home!/jdk.editpad" type="simple" />
            <root url="jrt:///usr/local/Cellar/openjdk@11/11.0.12/libexec/openjdk.jdk/Contents/Home!/jdk.hotspot.agent" type="simple" />
            <root url="jrt:///usr/local/Cellar/openjdk@11/11.0.12/libexec/openjdk.jdk/Contents/Home!/jdk.httpserver" type="simple" />
            <root url="jrt:///usr/local/Cellar/openjdk@11/11.0.12/libexec/openjdk.jdk/Contents/Home!/jdk.internal.ed" type="simple" />
            <root url="jrt:///usr/local/Cellar/openjdk@11/11.0.12/libexec/openjdk.jdk/Contents/Home!/jdk.internal.jvmstat" type="simple" />
            <root url="jrt:///usr/local/Cellar/openjdk@11/11.0.12/libexec/openjdk.jdk/Contents/Home!/jdk.internal.le" type="simple" />
            <root url="jrt:///usr/local/Cellar/openjdk@11/11.0.12/libexec/openjdk.jdk/Contents/Home!/jdk.internal.opt" type="simple" />
            <root url="jrt:///usr/local/Cellar/openjdk@11/11.0.12/libexec/openjdk.jdk/Contents/Home!/jdk.internal.vm.ci" type="simple" />
            <root url="jrt:///usr/local/Cellar/openjdk@11/11.0.12/libexec/openjdk.jdk/Contents/Home!/jdk.internal.vm.compiler" type="simple" />
            <root url="jrt:///usr/local/Cellar/openjdk@11/11.0.12/libexec/openjdk.jdk/Contents/Home!/jdk.internal.vm.compiler.management" type="simple" />
            <root url="jrt:///usr/local/Cellar/openjdk@11/11.0.12/libexec/openjdk.jdk/Contents/Home!/jdk.jartool" type="simple" />
            <root url="jrt:///usr/local/Cellar/openjdk@11/11.0.12/libexec/openjdk.jdk/Contents/Home!/jdk.javadoc" type="simple" />
            <root url="jrt:///usr/local/Cellar/openjdk@11/11.0.12/libexec/openjdk.jdk/Contents/Home!/jdk.jcmd" type="simple" />
            <root url="jrt:///usr/local/Cellar/openjdk@11/11.0.12/libexec/openjdk.jdk/Contents/Home!/jdk.jconsole" type="simple" />
            <root url="jrt:///usr/local/Cellar/openjdk@11/11.0.12/libexec/openjdk.jdk/Contents/Home!/jdk.jdeps" type="simple" />
            <root url="jrt:///usr/local/Cellar/openjdk@11/11.0.12/libexec/openjdk.jdk/Contents/Home!/jdk.jdi" type="simple" />
            <root url="jrt:///usr/local/Cellar/openjdk@11/11.0.12/libexec/openjdk.jdk/Contents/Home!/jdk.jdwp.agent" type="simple" />
            <root url="jrt:///usr/local/Cellar/openjdk@11/11.0.12/libexec/openjdk.jdk/Contents/Home!/jdk.jfr" type="simple" />
            <root url="jrt:///usr/local/Cellar/openjdk@11/11.0.12/libexec/openjdk.jdk/Contents/Home!/jdk.jlink" type="simple" />
            <root url="jrt:///usr/local/Cellar/openjdk@11/11.0.12/libexec/openjdk.jdk/Contents/Home!/jdk.jshell" type="simple" />
            <root url="jrt:///usr/local/Cellar/openjdk@11/11.0.12/libexec/openjdk.jdk/Contents/Home!/jdk.jsobject" type="simple" />
            <root url="jrt:///usr/local/Cellar/openjdk@11/11.0.12/libexec/openjdk.jdk/Contents/Home!/jdk.jstatd" type="simple" />
            <root url="jrt:///usr/local/Cellar/openjdk@11/11.0.12/libexec/openjdk.jdk/Contents/Home!/jdk.localedata" type="simple" />
            <root url="jrt:///usr/local/Cellar/openjdk@11/11.0.12/libexec/openjdk.jdk/Contents/Home!/jdk.management" type="simple" />
            <root url="jrt:///usr/local/Cellar/openjdk@11/11.0.12/libexec/openjdk.jdk/Contents/Home!/jdk.management.agent" type="simple" />
            <root url="jrt:///usr/local/Cellar/openjdk@11/11.0.12/libexec/openjdk.jdk/Contents/Home!/jdk.management.jfr" type="simple" />
            <root url="jrt:///usr/local/Cellar/openjdk@11/11.0.12/libexec/openjdk.jdk/Contents/Home!/jdk.naming.dns" type="simple" />
            <root url="jrt:///usr/local/Cellar/openjdk@11/11.0.12/libexec/openjdk.jdk/Contents/Home!/jdk.naming.ldap" type="simple" />
            <root url="jrt:///usr/local/Cellar/openjdk@11/11.0.12/libexec/openjdk.jdk/Contents/Home!/jdk.naming.rmi" type="simple" />
            <root url="jrt:///usr/local/Cellar/openjdk@11/11.0.12/libexec/openjdk.jdk/Contents/Home!/jdk.net" type="simple" />
            <root url="jrt:///usr/local/Cellar/openjdk@11/11.0.12/libexec/openjdk.jdk/Contents/Home!/jdk.pack" type="simple" />
            <root url="jrt:///usr/local/Cellar/openjdk@11/11.0.12/libexec/openjdk.jdk/Contents/Home!/jdk.rmic" type="simple" />
            <root url="jrt:///usr/local/Cellar/openjdk@11/11.0.12/libexec/openjdk.jdk/Contents/Home!/jdk.scripting.nashorn" type="simple" />
            <root url="jrt:///usr/local/Cellar/openjdk@11/11.0.12/libexec/openjdk.jdk/Contents/Home!/jdk.scripting.nashorn.shell" type="simple" />
            <root url="jrt:///usr/local/Cellar/openjdk@11/11.0.12/libexec/openjdk.jdk/Contents/Home!/jdk.sctp" type="simple" />
            <root url="jrt:///usr/local/Cellar/openjdk@11/11.0.12/libexec/openjdk.jdk/Contents/Home!/jdk.security.auth" type="simple" />
            <root url="jrt:///usr/local/Cellar/openjdk@11/11.0.12/libexec/openjdk.jdk/Contents/Home!/jdk.security.jgss" type="simple" />
            <root url="jrt:///usr/local/Cellar/openjdk@11/11.0.12/libexec/openjdk.jdk/Contents/Home!/jdk.unsupported" type="simple" />
            <root url="jrt:///usr/local/Cellar/openjdk@11/11.0.12/libexec/openjdk.jdk/Contents/Home!/jdk.unsupported.desktop" type="simple" />
            <root url="jrt:///usr/local/Cellar/openjdk@11/11.0.12/libexec/openjdk.jdk/Contents/Home!/jdk.xml.dom" type="simple" />
            <root url="jrt:///usr/local/Cellar/openjdk@11/11.0.12/libexec/openjdk.jdk/Contents/Home!/jdk.zipfs" type="simple" />
          </root>
        </classPath>
        <javadocPath>
          <root type="composite" />
        </javadocPath>
        <sourcePath>
          <root type="composite">
            <root url="jar:///usr/local/Cellar/openjdk@11/11.0.12/libexec/openjdk.jdk/Contents/Home/lib/src.zip!/java.se" type="simple" />
            <root url="jar:///usr/local/Cellar/openjdk@11/11.0.12/libexec/openjdk.jdk/Contents/Home/lib/src.zip!/jdk.aot" type="simple" />
            <root url="jar:///usr/local/Cellar/openjdk@11/11.0.12/libexec/openjdk.jdk/Contents/Home/lib/src.zip!/jdk.jdi" type="simple" />
            <root url="jar:///usr/local/Cellar/openjdk@11/11.0.12/libexec/openjdk.jdk/Contents/Home/lib/src.zip!/jdk.jfr" type="simple" />
            <root url="jar:///usr/local/Cellar/openjdk@11/11.0.12/libexec/openjdk.jdk/Contents/Home/lib/src.zip!/jdk.net" type="simple" />
            <root url="jar:///usr/local/Cellar/openjdk@11/11.0.12/libexec/openjdk.jdk/Contents/Home/lib/src.zip!/java.rmi" type="simple" />
            <root url="jar:///usr/local/Cellar/openjdk@11/11.0.12/libexec/openjdk.jdk/Contents/Home/lib/src.zip!/java.sql" type="simple" />
            <root url="jar:///usr/local/Cellar/openjdk@11/11.0.12/libexec/openjdk.jdk/Contents/Home/lib/src.zip!/java.xml" type="simple" />
            <root url="jar:///usr/local/Cellar/openjdk@11/11.0.12/libexec/openjdk.jdk/Contents/Home/lib/src.zip!/jdk.jcmd" type="simple" />
            <root url="jar:///usr/local/Cellar/openjdk@11/11.0.12/libexec/openjdk.jdk/Contents/Home/lib/src.zip!/jdk.pack" type="simple" />
            <root url="jar:///usr/local/Cellar/openjdk@11/11.0.12/libexec/openjdk.jdk/Contents/Home/lib/src.zip!/jdk.rmic" type="simple" />
            <root url="jar:///usr/local/Cellar/openjdk@11/11.0.12/libexec/openjdk.jdk/Contents/Home/lib/src.zip!/jdk.sctp" type="simple" />
            <root url="jar:///usr/local/Cellar/openjdk@11/11.0.12/libexec/openjdk.jdk/Contents/Home/lib/src.zip!/java.base" type="simple" />
            <root url="jar:///usr/local/Cellar/openjdk@11/11.0.12/libexec/openjdk.jdk/Contents/Home/lib/src.zip!/jdk.jdeps" type="simple" />
            <root url="jar:///usr/local/Cellar/openjdk@11/11.0.12/libexec/openjdk.jdk/Contents/Home/lib/src.zip!/jdk.jlink" type="simple" />
            <root url="jar:///usr/local/Cellar/openjdk@11/11.0.12/libexec/openjdk.jdk/Contents/Home/lib/src.zip!/jdk.zipfs" type="simple" />
            <root url="jar:///usr/local/Cellar/openjdk@11/11.0.12/libexec/openjdk.jdk/Contents/Home/lib/src.zip!/java.prefs" type="simple" />
            <root url="jar:///usr/local/Cellar/openjdk@11/11.0.12/libexec/openjdk.jdk/Contents/Home/lib/src.zip!/jdk.attach" type="simple" />
            <root url="jar:///usr/local/Cellar/openjdk@11/11.0.12/libexec/openjdk.jdk/Contents/Home/lib/src.zip!/jdk.jshell" type="simple" />
            <root url="jar:///usr/local/Cellar/openjdk@11/11.0.12/libexec/openjdk.jdk/Contents/Home/lib/src.zip!/jdk.jstatd" type="simple" />
            <root url="jar:///usr/local/Cellar/openjdk@11/11.0.12/libexec/openjdk.jdk/Contents/Home/lib/src.zip!/java.naming" type="simple" />
            <root url="jar:///usr/local/Cellar/openjdk@11/11.0.12/libexec/openjdk.jdk/Contents/Home/lib/src.zip!/jdk.editpad" type="simple" />
            <root url="jar:///usr/local/Cellar/openjdk@11/11.0.12/libexec/openjdk.jdk/Contents/Home/lib/src.zip!/jdk.jartool" type="simple" />
            <root url="jar:///usr/local/Cellar/openjdk@11/11.0.12/libexec/openjdk.jdk/Contents/Home/lib/src.zip!/jdk.javadoc" type="simple" />
            <root url="jar:///usr/local/Cellar/openjdk@11/11.0.12/libexec/openjdk.jdk/Contents/Home/lib/src.zip!/jdk.xml.dom" type="simple" />
            <root url="jar:///usr/local/Cellar/openjdk@11/11.0.12/libexec/openjdk.jdk/Contents/Home/lib/src.zip!/java.desktop" type="simple" />
            <root url="jar:///usr/local/Cellar/openjdk@11/11.0.12/libexec/openjdk.jdk/Contents/Home/lib/src.zip!/java.logging" type="simple" />
            <root url="jar:///usr/local/Cellar/openjdk@11/11.0.12/libexec/openjdk.jdk/Contents/Home/lib/src.zip!/jdk.charsets" type="simple" />
            <root url="jar:///usr/local/Cellar/openjdk@11/11.0.12/libexec/openjdk.jdk/Contents/Home/lib/src.zip!/jdk.compiler" type="simple" />
            <root url="jar:///usr/local/Cellar/openjdk@11/11.0.12/libexec/openjdk.jdk/Contents/Home/lib/src.zip!/jdk.dynalink" type="simple" />
            <root url="jar:///usr/local/Cellar/openjdk@11/11.0.12/libexec/openjdk.jdk/Contents/Home/lib/src.zip!/jdk.jconsole" type="simple" />
            <root url="jar:///usr/local/Cellar/openjdk@11/11.0.12/libexec/openjdk.jdk/Contents/Home/lib/src.zip!/jdk.jsobject" type="simple" />
            <root url="jar:///usr/local/Cellar/openjdk@11/11.0.12/libexec/openjdk.jdk/Contents/Home/lib/src.zip!/java.compiler" type="simple" />
            <root url="jar:///usr/local/Cellar/openjdk@11/11.0.12/libexec/openjdk.jdk/Contents/Home/lib/src.zip!/java.net.http" type="simple" />
            <root url="jar:///usr/local/Cellar/openjdk@11/11.0.12/libexec/openjdk.jdk/Contents/Home/lib/src.zip!/jdk.crypto.ec" type="simple" />
            <root url="jar:///usr/local/Cellar/openjdk@11/11.0.12/libexec/openjdk.jdk/Contents/Home/lib/src.zip!/java.scripting" type="simple" />
            <root url="jar:///usr/local/Cellar/openjdk@11/11.0.12/libexec/openjdk.jdk/Contents/Home/lib/src.zip!/jdk.httpserver" type="simple" />
            <root url="jar:///usr/local/Cellar/openjdk@11/11.0.12/libexec/openjdk.jdk/Contents/Home/lib/src.zip!/jdk.jdwp.agent" type="simple" />
            <root url="jar:///usr/local/Cellar/openjdk@11/11.0.12/libexec/openjdk.jdk/Contents/Home/lib/src.zip!/jdk.localedata" type="simple" />
            <root url="jar:///usr/local/Cellar/openjdk@11/11.0.12/libexec/openjdk.jdk/Contents/Home/lib/src.zip!/jdk.management" type="simple" />
            <root url="jar:///usr/local/Cellar/openjdk@11/11.0.12/libexec/openjdk.jdk/Contents/Home/lib/src.zip!/jdk.naming.dns" type="simple" />
            <root url="jar:///usr/local/Cellar/openjdk@11/11.0.12/libexec/openjdk.jdk/Contents/Home/lib/src.zip!/jdk.naming.rmi" type="simple" />
            <root url="jar:///usr/local/Cellar/openjdk@11/11.0.12/libexec/openjdk.jdk/Contents/Home/lib/src.zip!/java.instrument" type="simple" />
            <root url="jar:///usr/local/Cellar/openjdk@11/11.0.12/libexec/openjdk.jdk/Contents/Home/lib/src.zip!/java.management" type="simple" />
            <root url="jar:///usr/local/Cellar/openjdk@11/11.0.12/libexec/openjdk.jdk/Contents/Home/lib/src.zip!/java.sql.rowset" type="simple" />
            <root url="jar:///usr/local/Cellar/openjdk@11/11.0.12/libexec/openjdk.jdk/Contents/Home/lib/src.zip!/java.xml.crypto" type="simple" />
            <root url="jar:///usr/local/Cellar/openjdk@11/11.0.12/libexec/openjdk.jdk/Contents/Home/lib/src.zip!/jdk.internal.ed" type="simple" />
            <root url="jar:///usr/local/Cellar/openjdk@11/11.0.12/libexec/openjdk.jdk/Contents/Home/lib/src.zip!/jdk.internal.le" type="simple" />
            <root url="jar:///usr/local/Cellar/openjdk@11/11.0.12/libexec/openjdk.jdk/Contents/Home/lib/src.zip!/jdk.naming.ldap" type="simple" />
            <root url="jar:///usr/local/Cellar/openjdk@11/11.0.12/libexec/openjdk.jdk/Contents/Home/lib/src.zip!/jdk.unsupported" type="simple" />
            <root url="jar:///usr/local/Cellar/openjdk@11/11.0.12/libexec/openjdk.jdk/Contents/Home/lib/src.zip!/java.smartcardio" type="simple" />
            <root url="jar:///usr/local/Cellar/openjdk@11/11.0.12/libexec/openjdk.jdk/Contents/Home/lib/src.zip!/jdk.internal.opt" type="simple" />
            <root url="jar:///usr/local/Cellar/openjdk@11/11.0.12/libexec/openjdk.jdk/Contents/Home/lib/src.zip!/java.datatransfer" type="simple" />
            <root url="jar:///usr/local/Cellar/openjdk@11/11.0.12/libexec/openjdk.jdk/Contents/Home/lib/src.zip!/jdk.accessibility" type="simple" />
            <root url="jar:///usr/local/Cellar/openjdk@11/11.0.12/libexec/openjdk.jdk/Contents/Home/lib/src.zip!/jdk.hotspot.agent" type="simple" />
            <root url="jar:///usr/local/Cellar/openjdk@11/11.0.12/libexec/openjdk.jdk/Contents/Home/lib/src.zip!/jdk.security.auth" type="simple" />
            <root url="jar:///usr/local/Cellar/openjdk@11/11.0.12/libexec/openjdk.jdk/Contents/Home/lib/src.zip!/jdk.security.jgss" type="simple" />
            <root url="jar:///usr/local/Cellar/openjdk@11/11.0.12/libexec/openjdk.jdk/Contents/Home/lib/src.zip!/java.security.jgss" type="simple" />
            <root url="jar:///usr/local/Cellar/openjdk@11/11.0.12/libexec/openjdk.jdk/Contents/Home/lib/src.zip!/java.security.sasl" type="simple" />
            <root url="jar:///usr/local/Cellar/openjdk@11/11.0.12/libexec/openjdk.jdk/Contents/Home/lib/src.zip!/jdk.internal.vm.ci" type="simple" />
            <root url="jar:///usr/local/Cellar/openjdk@11/11.0.12/libexec/openjdk.jdk/Contents/Home/lib/src.zip!/jdk.management.jfr" type="simple" />
            <root url="jar:///usr/local/Cellar/openjdk@11/11.0.12/libexec/openjdk.jdk/Contents/Home/lib/src.zip!/java.management.rmi" type="simple" />
            <root url="jar:///usr/local/Cellar/openjdk@11/11.0.12/libexec/openjdk.jdk/Contents/Home/lib/src.zip!/java.transaction.xa" type="simple" />
            <root url="jar:///usr/local/Cellar/openjdk@11/11.0.12/libexec/openjdk.jdk/Contents/Home/lib/src.zip!/jdk.crypto.cryptoki" type="simple" />
            <root url="jar:///usr/local/Cellar/openjdk@11/11.0.12/libexec/openjdk.jdk/Contents/Home/lib/src.zip!/jdk.internal.jvmstat" type="simple" />
            <root url="jar:///usr/local/Cellar/openjdk@11/11.0.12/libexec/openjdk.jdk/Contents/Home/lib/src.zip!/jdk.management.agent" type="simple" />
            <root url="jar:///usr/local/Cellar/openjdk@11/11.0.12/libexec/openjdk.jdk/Contents/Home/lib/src.zip!/jdk.scripting.nashorn" type="simple" />
            <root url="jar:///usr/local/Cellar/openjdk@11/11.0.12/libexec/openjdk.jdk/Contents/Home/lib/src.zip!/jdk.unsupported.desktop" type="simple" />
            <root url="jar:///usr/local/Cellar/openjdk@11/11.0.12/libexec/openjdk.jdk/Contents/Home/lib/src.zip!/jdk.internal.vm.compiler" type="simple" />
            <root url="jar:///usr/local/Cellar/openjdk@11/11.0.12/libexec/openjdk.jdk/Contents/Home/lib/src.zip!/jdk.scripting.nashorn.shell" type="simple" />
            <root url="jar:///usr/local/Cellar/openjdk@11/11.0.12/libexec/openjdk.jdk/Contents/Home/lib/src.zip!/jdk.internal.vm.compiler.management" type="simple" />
          </root>
        </sourcePath>
      </roots>
      <additional />
    </jdk>
    <jdk version="2">
      <name value="12-my" />
      <type value="JavaSDK" />
      <version value="version 12-ea" />
      <homePath value="$USER_HOME$/my/project/source/java/openjdk12-copy/build/macosx-x86_64-server-release/jdk" />
      <roots>
        <annotationsPath>
          <root type="composite">
            <root url="jar://$APPLICATION_HOME_DIR$/plugins/java/lib/jdkAnnotations.jar!/" type="simple" />
          </root>
        </annotationsPath>
        <classPath>
          <root type="composite">
            <root url="file://$USER_HOME$/my/project/source/java/openjdk12-copy/build/macosx-x86_64-server-release/jdk/modules/java.base" type="simple" />
            <root url="file://$USER_HOME$/my/project/source/java/openjdk12-copy/build/macosx-x86_64-server-release/jdk/modules/java.compiler" type="simple" />
            <root url="file://$USER_HOME$/my/project/source/java/openjdk12-copy/build/macosx-x86_64-server-release/jdk/modules/java.datatransfer" type="simple" />
            <root url="file://$USER_HOME$/my/project/source/java/openjdk12-copy/build/macosx-x86_64-server-release/jdk/modules/java.desktop" type="simple" />
            <root url="file://$USER_HOME$/my/project/source/java/openjdk12-copy/build/macosx-x86_64-server-release/jdk/modules/java.instrument" type="simple" />
            <root url="file://$USER_HOME$/my/project/source/java/openjdk12-copy/build/macosx-x86_64-server-release/jdk/modules/java.logging" type="simple" />
            <root url="file://$USER_HOME$/my/project/source/java/openjdk12-copy/build/macosx-x86_64-server-release/jdk/modules/java.management" type="simple" />
            <root url="file://$USER_HOME$/my/project/source/java/openjdk12-copy/build/macosx-x86_64-server-release/jdk/modules/java.management.rmi" type="simple" />
            <root url="file://$USER_HOME$/my/project/source/java/openjdk12-copy/build/macosx-x86_64-server-release/jdk/modules/java.naming" type="simple" />
            <root url="file://$USER_HOME$/my/project/source/java/openjdk12-copy/build/macosx-x86_64-server-release/jdk/modules/java.net.http" type="simple" />
            <root url="file://$USER_HOME$/my/project/source/java/openjdk12-copy/build/macosx-x86_64-server-release/jdk/modules/java.prefs" type="simple" />
            <root url="file://$USER_HOME$/my/project/source/java/openjdk12-copy/build/macosx-x86_64-server-release/jdk/modules/java.rmi" type="simple" />
            <root url="file://$USER_HOME$/my/project/source/java/openjdk12-copy/build/macosx-x86_64-server-release/jdk/modules/java.scripting" type="simple" />
            <root url="file://$USER_HOME$/my/project/source/java/openjdk12-copy/build/macosx-x86_64-server-release/jdk/modules/java.se" type="simple" />
            <root url="file://$USER_HOME$/my/project/source/java/openjdk12-copy/build/macosx-x86_64-server-release/jdk/modules/java.security.jgss" type="simple" />
            <root url="file://$USER_HOME$/my/project/source/java/openjdk12-copy/build/macosx-x86_64-server-release/jdk/modules/java.security.sasl" type="simple" />
            <root url="file://$USER_HOME$/my/project/source/java/openjdk12-copy/build/macosx-x86_64-server-release/jdk/modules/java.smartcardio" type="simple" />
            <root url="file://$USER_HOME$/my/project/source/java/openjdk12-copy/build/macosx-x86_64-server-release/jdk/modules/java.sql" type="simple" />
            <root url="file://$USER_HOME$/my/project/source/java/openjdk12-copy/build/macosx-x86_64-server-release/jdk/modules/java.sql.rowset" type="simple" />
            <root url="file://$USER_HOME$/my/project/source/java/openjdk12-copy/build/macosx-x86_64-server-release/jdk/modules/java.transaction.xa" type="simple" />
            <root url="file://$USER_HOME$/my/project/source/java/openjdk12-copy/build/macosx-x86_64-server-release/jdk/modules/java.xml" type="simple" />
            <root url="file://$USER_HOME$/my/project/source/java/openjdk12-copy/build/macosx-x86_64-server-release/jdk/modules/java.xml.crypto" type="simple" />
            <root url="file://$USER_HOME$/my/project/source/java/openjdk12-copy/build/macosx-x86_64-server-release/jdk/modules/jdk.accessibility" type="simple" />
            <root url="file://$USER_HOME$/my/project/source/java/openjdk12-copy/build/macosx-x86_64-server-release/jdk/modules/jdk.aot" type="simple" />
            <root url="file://$USER_HOME$/my/project/source/java/openjdk12-copy/build/macosx-x86_64-server-release/jdk/modules/jdk.attach" type="simple" />
            <root url="file://$USER_HOME$/my/project/source/java/openjdk12-copy/build/macosx-x86_64-server-release/jdk/modules/jdk.charsets" type="simple" />
            <root url="file://$USER_HOME$/my/project/source/java/openjdk12-copy/build/macosx-x86_64-server-release/jdk/modules/jdk.compiler" type="simple" />
            <root url="file://$USER_HOME$/my/project/source/java/openjdk12-copy/build/macosx-x86_64-server-release/jdk/modules/jdk.crypto.cryptoki" type="simple" />
            <root url="file://$USER_HOME$/my/project/source/java/openjdk12-copy/build/macosx-x86_64-server-release/jdk/modules/jdk.crypto.ec" type="simple" />
            <root url="file://$USER_HOME$/my/project/source/java/openjdk12-copy/build/macosx-x86_64-server-release/jdk/modules/jdk.dynalink" type="simple" />
            <root url="file://$USER_HOME$/my/project/source/java/openjdk12-copy/build/macosx-x86_64-server-release/jdk/modules/jdk.editpad" type="simple" />
            <root url="file://$USER_HOME$/my/project/source/java/openjdk12-copy/build/macosx-x86_64-server-release/jdk/modules/jdk.hotspot.agent" type="simple" />
            <root url="file://$USER_HOME$/my/project/source/java/openjdk12-copy/build/macosx-x86_64-server-release/jdk/modules/jdk.httpserver" type="simple" />
            <root url="file://$USER_HOME$/my/project/source/java/openjdk12-copy/build/macosx-x86_64-server-release/jdk/modules/jdk.internal.ed" type="simple" />
            <root url="file://$USER_HOME$/my/project/source/java/openjdk12-copy/build/macosx-x86_64-server-release/jdk/modules/jdk.internal.jvmstat" type="simple" />
            <root url="file://$USER_HOME$/my/project/source/java/openjdk12-copy/build/macosx-x86_64-server-release/jdk/modules/jdk.internal.le" type="simple" />
            <root url="file://$USER_HOME$/my/project/source/java/openjdk12-copy/build/macosx-x86_64-server-release/jdk/modules/jdk.internal.opt" type="simple" />
            <root url="file://$USER_HOME$/my/project/source/java/openjdk12-copy/build/macosx-x86_64-server-release/jdk/modules/jdk.internal.vm.ci" type="simple" />
            <root url="file://$USER_HOME$/my/project/source/java/openjdk12-copy/build/macosx-x86_64-server-release/jdk/modules/jdk.internal.vm.compiler" type="simple" />
            <root url="file://$USER_HOME$/my/project/source/java/openjdk12-copy/build/macosx-x86_64-server-release/jdk/modules/jdk.internal.vm.compiler.management" type="simple" />
            <root url="file://$USER_HOME$/my/project/source/java/openjdk12-copy/build/macosx-x86_64-server-release/jdk/modules/jdk.jartool" type="simple" />
            <root url="file://$USER_HOME$/my/project/source/java/openjdk12-copy/build/macosx-x86_64-server-release/jdk/modules/jdk.javadoc" type="simple" />
            <root url="file://$USER_HOME$/my/project/source/java/openjdk12-copy/build/macosx-x86_64-server-release/jdk/modules/jdk.jcmd" type="simple" />
            <root url="file://$USER_HOME$/my/project/source/java/openjdk12-copy/build/macosx-x86_64-server-release/jdk/modules/jdk.jconsole" type="simple" />
            <root url="file://$USER_HOME$/my/project/source/java/openjdk12-copy/build/macosx-x86_64-server-release/jdk/modules/jdk.jdeps" type="simple" />
            <root url="file://$USER_HOME$/my/project/source/java/openjdk12-copy/build/macosx-x86_64-server-release/jdk/modules/jdk.jdi" type="simple" />
            <root url="file://$USER_HOME$/my/project/source/java/openjdk12-copy/build/macosx-x86_64-server-release/jdk/modules/jdk.jdwp.agent" type="simple" />
            <root url="file://$USER_HOME$/my/project/source/java/openjdk12-copy/build/macosx-x86_64-server-release/jdk/modules/jdk.jfr" type="simple" />
            <root url="file://$USER_HOME$/my/project/source/java/openjdk12-copy/build/macosx-x86_64-server-release/jdk/modules/jdk.jlink" type="simple" />
            <root url="file://$USER_HOME$/my/project/source/java/openjdk12-copy/build/macosx-x86_64-server-release/jdk/modules/jdk.jshell" type="simple" />
            <root url="file://$USER_HOME$/my/project/source/java/openjdk12-copy/build/macosx-x86_64-server-release/jdk/modules/jdk.jsobject" type="simple" />
            <root url="file://$USER_HOME$/my/project/source/java/openjdk12-copy/build/macosx-x86_64-server-release/jdk/modules/jdk.jstatd" type="simple" />
            <root url="file://$USER_HOME$/my/project/source/java/openjdk12-copy/build/macosx-x86_64-server-release/jdk/modules/jdk.localedata" type="simple" />
            <root url="file://$USER_HOME$/my/project/source/java/openjdk12-copy/build/macosx-x86_64-server-release/jdk/modules/jdk.management" type="simple" />
            <root url="file://$USER_HOME$/my/project/source/java/openjdk12-copy/build/macosx-x86_64-server-release/jdk/modules/jdk.management.agent" type="simple" />
            <root url="file://$USER_HOME$/my/project/source/java/openjdk12-copy/build/macosx-x86_64-server-release/jdk/modules/jdk.management.jfr" type="simple" />
            <root url="file://$USER_HOME$/my/project/source/java/openjdk12-copy/build/macosx-x86_64-server-release/jdk/modules/jdk.naming.dns" type="simple" />
            <root url="file://$USER_HOME$/my/project/source/java/openjdk12-copy/build/macosx-x86_64-server-release/jdk/modules/jdk.naming.rmi" type="simple" />
            <root url="file://$USER_HOME$/my/project/source/java/openjdk12-copy/build/macosx-x86_64-server-release/jdk/modules/jdk.net" type="simple" />
            <root url="file://$USER_HOME$/my/project/source/java/openjdk12-copy/build/macosx-x86_64-server-release/jdk/modules/jdk.pack" type="simple" />
            <root url="file://$USER_HOME$/my/project/source/java/openjdk12-copy/build/macosx-x86_64-server-release/jdk/modules/jdk.rmic" type="simple" />
            <root url="file://$USER_HOME$/my/project/source/java/openjdk12-copy/build/macosx-x86_64-server-release/jdk/modules/jdk.scripting.nashorn" type="simple" />
            <root url="file://$USER_HOME$/my/project/source/java/openjdk12-copy/build/macosx-x86_64-server-release/jdk/modules/jdk.scripting.nashorn.shell" type="simple" />
            <root url="file://$USER_HOME$/my/project/source/java/openjdk12-copy/build/macosx-x86_64-server-release/jdk/modules/jdk.sctp" type="simple" />
            <root url="file://$USER_HOME$/my/project/source/java/openjdk12-copy/build/macosx-x86_64-server-release/jdk/modules/jdk.security.auth" type="simple" />
            <root url="file://$USER_HOME$/my/project/source/java/openjdk12-copy/build/macosx-x86_64-server-release/jdk/modules/jdk.security.jgss" type="simple" />
            <root url="file://$USER_HOME$/my/project/source/java/openjdk12-copy/build/macosx-x86_64-server-release/jdk/modules/jdk.unsupported" type="simple" />
            <root url="file://$USER_HOME$/my/project/source/java/openjdk12-copy/build/macosx-x86_64-server-release/jdk/modules/jdk.unsupported.desktop" type="simple" />
            <root url="file://$USER_HOME$/my/project/source/java/openjdk12-copy/build/macosx-x86_64-server-release/jdk/modules/jdk.xml.dom" type="simple" />
            <root url="file://$USER_HOME$/my/project/source/java/openjdk12-copy/build/macosx-x86_64-server-release/jdk/modules/jdk.zipfs" type="simple" />
          </root>
        </classPath>
        <javadocPath>
          <root type="composite">
            <root url="https://docs.oracle.com/en/java/javase/12/docs/api/" type="simple" />
          </root>
        </javadocPath>
        <sourcePath>
          <root type="composite" />
        </sourcePath>
      </roots>
      <additional />
    </jdk>
  </component>
</application>