<application>
  <component name="SonarLintGlobalSettings">
    <option name="nodejsPath" value="" />
    <option name="sonarQubeServers">
      <list>
        <SonarQubeServer>
          <option name="hostUrl" value="http://sonar-uat.aihuishou.com" />
          <token>df98df93dfc8df93df9edfcedfc8dfcbdfc9df93df9adf9edfcfdf9adfc8dfcfdfccdfcbdf99df93df9adfc9dfc8df92df9edf9adfc9df9cdf99dfcfdfc8df9edf9bdf98df9adf93dfcbdf9cdf9fdf92</token>
          <option name="name" value="ahs-uat" />
          <organizationKey>default-organization</organizationKey>
        </SonarQubeServer>
      </list>
    </option>
    <rules>
      <Rule active="false" key="squid:S1135" />
      <Rule active="false" key="squid:S1854" />
    </rules>
  </component>
</application>