<keymap version="1" name="Mac OS X 10.5+ my" parent="Mac OS X 10.5+">
  <action id="$LRU">
    <keyboard-shortcut first-keystroke="shift meta p" />
  </action>
  <action id="Editor LRU">
    <keyboard-shortcut first-keystroke="shift meta p" />
  </action>
  <action id="FileStructurePopup">
    <keyboard-shortcut first-keystroke="shift meta s" />
  </action>
  <action id="NextProjectWindow">
    <keyboard-shortcut first-keystroke="meta back_quote" />
  </action>
  <action id="NextWindow" />
  <action id="PreviousProjectWindow">
    <keyboard-shortcut first-keystroke="meta alt back_quote" />
  </action>
  <action id="PreviousWindow" />
  <action id="Resume">
    <keyboard-shortcut first-keystroke="meta alt r" />
    <keyboard-shortcut first-keystroke="f9" />
  </action>
  <action id="SonarLint.AnalyzeFiles" />
  <action id="StepOut">
    <keyboard-shortcut first-keystroke="f10" />
  </action>
  <action id="SwitchApply">
    <keyboard-shortcut first-keystroke="ctrl alt enter" />
  </action>
  <action id="SwitchDown">
    <keyboard-shortcut first-keystroke="ctrl alt down" />
  </action>
  <action id="SwitchLeft">
    <keyboard-shortcut first-keystroke="ctrl alt left" />
  </action>
  <action id="SwitchRight">
    <keyboard-shortcut first-keystroke="ctrl alt right" />
  </action>
  <action id="SwitchUp">
    <keyboard-shortcut first-keystroke="ctrl alt up" />
  </action>
</keymap>