<application>
  <component name="LanguageInjectionConfiguration">
    <option name="INSTRUMENTATION" value="ASSERT" />
    <option name="LANGUAGE_ANNOTATION" value="org.intellij.lang.annotations.Language" />
    <option name="PATTERN_ANNOTATION" value="org.intellij.lang.annotations.Pattern" />
    <option name="SUBST_ANNOTATION" value="org.intellij.lang.annotations.Subst" />
    <option name="RESOLVE_REFERENCES" value="true" />
    <injection language="AspectJ" injector-id="java">
      <display-name>Around.argNames (org.aspectj.lang.annotation)</display-name>
      <place><![CDATA[psiMethod().withName("argNames").withParameters().definedInClass("org.aspectj.lang.annotation.Around")]]></place>
    </injection>
  </component>
</application>