<code_scheme name="ahs.codestyle" version="173">
  <DB2CodeStyleSettings version="2">
    <option name="KEYWORD_CASE" value="0" />
    <option name="TABLE_COLLAPSE" value="true" />
    <option name="POST_OPT_INDENT" value="false" />
    <option name="VIEW_WRAP_QUERY" value="false" />
    <option name="IMP_DECLARE_CONTENT_WRAP" value="false" />
  </DB2CodeStyleSettings>
  <DerbyCodeStyleSettings version="2">
    <option name="KEYWORD_CASE" value="0" />
    <option name="TABLE_COLLAPSE" value="true" />
    <option name="POST_OPT_INDENT" value="false" />
    <option name="VIEW_WRAP_QUERY" value="false" />
    <option name="IMP_DECLARE_CONTENT_WRAP" value="false" />
  </DerbyCodeStyleSettings>
  <H2CodeStyleSettings version="2">
    <option name="KEYWORD_CASE" value="0" />
    <option name="TABLE_COLLAPSE" value="true" />
    <option name="POST_OPT_INDENT" value="false" />
    <option name="VIEW_WRAP_QUERY" value="false" />
  </H2CodeStyleSettings>
  <HSQLCodeStyleSettings version="2">
    <option name="KEYWORD_CASE" value="0" />
    <option name="TABLE_COLLAPSE" value="true" />
    <option name="POST_OPT_INDENT" value="false" />
    <option name="VIEW_WRAP_QUERY" value="false" />
  </HSQLCodeStyleSettings>
  <JavaCodeStyleSettings>
    <option name="GENERATE_FINAL_LOCALS" value="true" />
    <option name="GENERATE_FINAL_PARAMETERS" value="true" />
    <option name="CLASS_COUNT_TO_USE_IMPORT_ON_DEMAND" value="99" />
    <option name="NAMES_COUNT_TO_USE_IMPORT_ON_DEMAND" value="99" />
    <REPEAT_ANNOTATIONS>
      <ANNO name="org.springframework.web.bind.annotation.PathVariable" />
      <ANNO name="org.springframework.web.bind.annotation.RequestBody" />
      <ANNO name="org.springframework.web.bind.annotation.RequestParam" />
    </REPEAT_ANNOTATIONS>
  </JavaCodeStyleSettings>
  <JetCodeStyleSettings>
    <option name="PACKAGES_TO_USE_STAR_IMPORTS">
      <value>
        <package name="java.util" withSubpackages="false" static="false" />
        <package name="kotlinx.android.synthetic" withSubpackages="true" static="false" />
        <package name="io.ktor" withSubpackages="true" static="false" />
      </value>
    </option>
  </JetCodeStyleSettings>
  <MSSQLCodeStyleSettings version="2">
    <option name="KEYWORD_CASE" value="0" />
    <option name="TABLE_COLLAPSE" value="true" />
    <option name="POST_OPT_INDENT" value="false" />
    <option name="VIEW_WRAP_QUERY" value="false" />
    <option name="IMP_DECLARE_CONTENT_WRAP" value="false" />
  </MSSQLCodeStyleSettings>
  <MySQLCodeStyleSettings version="2">
    <option name="KEYWORD_CASE" value="0" />
    <option name="TABLE_COLLAPSE" value="true" />
    <option name="POST_OPT_INDENT" value="false" />
    <option name="VIEW_WRAP_QUERY" value="false" />
  </MySQLCodeStyleSettings>
  <OracleCodeStyleSettings version="2">
    <option name="KEYWORD_CASE" value="0" />
    <option name="TABLE_COLLAPSE" value="true" />
    <option name="POST_OPT_INDENT" value="false" />
    <option name="VIEW_WRAP_QUERY" value="false" />
    <option name="IMP_DECLARE_CONTENT_WRAP" value="false" />
  </OracleCodeStyleSettings>
  <PostgresCodeStyleSettings version="2">
    <option name="KEYWORD_CASE" value="0" />
    <option name="TABLE_COLLAPSE" value="true" />
    <option name="POST_OPT_INDENT" value="false" />
    <option name="VIEW_WRAP_QUERY" value="false" />
    <option name="IMP_DECLARE_CONTENT_WRAP" value="false" />
  </PostgresCodeStyleSettings>
  <SQLiteCodeStyleSettings version="2">
    <option name="KEYWORD_CASE" value="0" />
    <option name="TABLE_COLLAPSE" value="true" />
    <option name="POST_OPT_INDENT" value="false" />
    <option name="VIEW_WRAP_QUERY" value="false" />
  </SQLiteCodeStyleSettings>
  <ScalaCodeStyleSettings>
    <option name="MULTILINE_STRING_CLOSING_QUOTES_ON_NEW_LINE" value="true" />
  </ScalaCodeStyleSettings>
  <SqlCodeStyleSettings version="2">
    <option name="KEYWORD_CASE" value="0" />
    <option name="TABLE_COLLAPSE" value="true" />
    <option name="POST_OPT_INDENT" value="false" />
    <option name="VIEW_WRAP_QUERY" value="false" />
    <option name="IMP_DECLARE_CONTENT_WRAP" value="false" />
  </SqlCodeStyleSettings>
  <SybaseCodeStyleSettings version="2">
    <option name="KEYWORD_CASE" value="0" />
    <option name="TABLE_COLLAPSE" value="true" />
    <option name="POST_OPT_INDENT" value="false" />
    <option name="VIEW_WRAP_QUERY" value="false" />
    <option name="IMP_DECLARE_CONTENT_WRAP" value="false" />
  </SybaseCodeStyleSettings>
  <codeStyleSettings language="DB2">
    <option name="KEEP_LINE_BREAKS" value="false" />
    <indentOptions>
      <option name="CONTINUATION_INDENT_SIZE" value="2" />
    </indentOptions>
  </codeStyleSettings>
  <codeStyleSettings language="Derby">
    <option name="KEEP_LINE_BREAKS" value="false" />
    <indentOptions>
      <option name="CONTINUATION_INDENT_SIZE" value="2" />
    </indentOptions>
  </codeStyleSettings>
  <codeStyleSettings language="H2">
    <option name="KEEP_LINE_BREAKS" value="false" />
    <indentOptions>
      <option name="CONTINUATION_INDENT_SIZE" value="2" />
    </indentOptions>
  </codeStyleSettings>
  <codeStyleSettings language="HSQLDB">
    <option name="KEEP_LINE_BREAKS" value="false" />
    <indentOptions>
      <option name="CONTINUATION_INDENT_SIZE" value="2" />
    </indentOptions>
  </codeStyleSettings>
  <codeStyleSettings language="JAVA">
    <indentOptions>
      <option name="CONTINUATION_INDENT_SIZE" value="4" />
    </indentOptions>
  </codeStyleSettings>
  <codeStyleSettings language="JSON">
    <indentOptions>
      <option name="INDENT_SIZE" value="4" />
      <option name="CONTINUATION_INDENT_SIZE" value="4" />
    </indentOptions>
  </codeStyleSettings>
  <codeStyleSettings language="MySQL">
    <option name="KEEP_LINE_BREAKS" value="false" />
    <indentOptions>
      <option name="CONTINUATION_INDENT_SIZE" value="2" />
    </indentOptions>
  </codeStyleSettings>
  <codeStyleSettings language="Oracle">
    <option name="KEEP_LINE_BREAKS" value="false" />
    <indentOptions>
      <option name="CONTINUATION_INDENT_SIZE" value="2" />
    </indentOptions>
  </codeStyleSettings>
  <codeStyleSettings language="PostgreSQL">
    <option name="KEEP_LINE_BREAKS" value="false" />
    <indentOptions>
      <option name="CONTINUATION_INDENT_SIZE" value="2" />
    </indentOptions>
  </codeStyleSettings>
  <codeStyleSettings language="SQL">
    <option name="KEEP_LINE_BREAKS" value="false" />
    <indentOptions>
      <option name="CONTINUATION_INDENT_SIZE" value="2" />
    </indentOptions>
  </codeStyleSettings>
  <codeStyleSettings language="SQLite">
    <option name="KEEP_LINE_BREAKS" value="false" />
    <indentOptions>
      <option name="CONTINUATION_INDENT_SIZE" value="2" />
    </indentOptions>
  </codeStyleSettings>
  <codeStyleSettings language="Sybase">
    <option name="KEEP_LINE_BREAKS" value="false" />
    <indentOptions>
      <option name="CONTINUATION_INDENT_SIZE" value="2" />
    </indentOptions>
  </codeStyleSettings>
  <codeStyleSettings language="TSQL">
    <option name="KEEP_LINE_BREAKS" value="false" />
    <indentOptions>
      <option name="CONTINUATION_INDENT_SIZE" value="2" />
    </indentOptions>
  </codeStyleSettings>
</code_scheme>