<code_scheme name="Default" version="173">
  <JavaCodeStyleSettings>
    <option name="CLASS_COUNT_TO_USE_IMPORT_ON_DEMAND" value="99" />
    <option name="NAMES_COUNT_TO_USE_IMPORT_ON_DEMAND" value="99" />
    <REPEAT_ANNOTATIONS>
      <ANNO name="org.springframework.web.bind.annotation.PathVariable" />
      <ANNO name="org.springframework.web.bind.annotation.RequestBody" />
      <ANNO name="org.springframework.web.bind.annotation.RequestParam" />
    </REPEAT_ANNOTATIONS>
  </JavaCodeStyleSettings>
  <codeStyleSettings language="JAVA">
    <indentOptions>
      <option name="CONTINUATION_INDENT_SIZE" value="4" />
    </indentOptions>
  </codeStyleSettings>
</code_scheme>